{
  "ckpt_path": "/home/alexm/OpenMythos/checkpoints_3b_varT_pondernet_from_r2/step_0003051_full.pt",
  "step": 3051,
  "vocab_size": 199998,
  "trained_max_loop_iters": 12,
  "depths": [
    4,
    8,
    16,
    32
  ],
  "results": {
    "4": {
      "histogram": [
        0,
        0,
        1,
        5,
        65530
      ],
      "total_tokens": 65536,
      "mean_halt_step": 3.9998931884765625,
      "median_halt_step": 4,
      "elapsed_s": 21.62,
      "max_budget": 4,
      "frac_using_full_budget": 0.999908447265625
    },
    "8": {
      "histogram": [
        0,
        0,
        1,
        5,
        247,
        37308,
        27701,
        261,
        13
      ],
      "total_tokens": 65536,
      "mean_halt_step": 5.427276611328125,
      "median_halt_step": 5,
      "elapsed_s": 38.42,
      "max_budget": 8,
      "frac_using_full_budget": 0.0001983642578125
    },
    "16": {
      "histogram": [
        0,
        0,
        1,
        5,
        247,
        37308,
        27701,
        261,
        11,
        1,
        1,
        0,
        0,
        0,
        0,
        0,
        0
      ],
      "total_tokens": 65536,
      "mean_halt_step": 5.4273223876953125,
      "median_halt_step": 5,
      "elapsed_s": 67.49,
      "max_budget": 16,
      "frac_using_full_budget": 0.0
    },
    "32": {
      "histogram": [
        0,
        0,
        1,
        5,
        247,
        37308,
        27701,
        261,
        11,
        1,
        1,
        0,
        0,
        0,
        0,
        0,
        0,
        0,
        0,
        0,
        0,
        0,
        0,
        0,
        0,
        0,
        0,
        0,
        0,
        0,
        0,
        0,
        0
      ],
      "total_tokens": 65536,
      "mean_halt_step": 5.4273223876953125,
      "median_halt_step": 5,
      "elapsed_s": 119.28,
      "max_budget": 32,
      "frac_using_full_budget": 0.0
    }
  }
}