{
  "ckpt_path": "checkpoints_3b_varT_pondernet_round218/step_0024414_full.pt",
  "step": 24414,
  "vocab_size": 199998,
  "trained_max_loop_iters": 12,
  "depths": [
    4,
    8,
    16,
    32
  ],
  "results": {
    "4": {
      "histogram": [
        0,
        2003,
        63533,
        0,
        0
      ],
      "total_tokens": 65536,
      "mean_halt_step": 1.9694366455078125,
      "median_halt_step": 2,
      "elapsed_s": 6.43,
      "max_budget": 4,
      "frac_using_full_budget": 0.0
    },
    "8": {
      "histogram": [
        0,
        2003,
        63533,
        0,
        0,
        0,
        0,
        0,
        0
      ],
      "total_tokens": 65536,
      "mean_halt_step": 1.9694366455078125,
      "median_halt_step": 2,
      "elapsed_s": 9.64,
      "max_budget": 8,
      "frac_using_full_budget": 0.0
    },
    "16": {
      "histogram": [
        0,
        2003,
        63533,
        0,
        0,
        0,
        0,
        0,
        0,
        0,
        0,
        0,
        0,
        0,
        0,
        0,
        0
      ],
      "total_tokens": 65536,
      "mean_halt_step": 1.9694366455078125,
      "median_halt_step": 2,
      "elapsed_s": 16.81,
      "max_budget": 16,
      "frac_using_full_budget": 0.0
    },
    "32": {
      "histogram": [
        0,
        2003,
        63533,
        0,
        0,
        0,
        0,
        0,
        0,
        0,
        0,
        0,
        0,
        0,
        0,
        0,
        0,
        0,
        0,
        0,
        0,
        0,
        0,
        0,
        0,
        0,
        0,
        0,
        0,
        0,
        0,
        0,
        0
      ],
      "total_tokens": 65536,
      "mean_halt_step": 1.9694366455078125,
      "median_halt_step": 2,
      "elapsed_s": 31.62,
      "max_budget": 32,
      "frac_using_full_budget": 0.0
    }
  }
}