{
  "ckpt_path": "/home/alexm/OpenMythos/checkpoints/ckpt_r24_full.pt",
  "step": 3051,
  "vocab_size": 199998,
  "trained_max_loop_iters": 12,
  "depths": [
    4,
    8,
    16,
    32,
    64
  ],
  "limit_per_task": 500,
  "results": {
    "arc-easy": {
      "4": {
        "acc": 0.354,
        "n": 500,
        "correct": 177,
        "elapsed_s": 206.5
      },
      "8": {
        "acc": 0.348,
        "n": 500,
        "correct": 174,
        "elapsed_s": 300.1
      },
      "16": {
        "acc": 0.348,
        "n": 500,
        "correct": 174,
        "elapsed_s": 299.5
      },
      "32": {
        "acc": 0.348,
        "n": 500,
        "correct": 174,
        "elapsed_s": 299.5
      },
      "64": {
        "acc": 0.348,
        "n": 500,
        "correct": 174,
        "elapsed_s": 300.6
      }
    },
    "arc-challenge": {
      "4": {
        "acc": 0.23411371237458195,
        "n": 299,
        "correct": 70,
        "elapsed_s": 129.9
      },
      "8": {
        "acc": 0.23745819397993312,
        "n": 299,
        "correct": 71,
        "elapsed_s": 190.2
      },
      "16": {
        "acc": 0.23745819397993312,
        "n": 299,
        "correct": 71,
        "elapsed_s": 190.2
      },
      "32": {
        "acc": 0.23745819397993312,
        "n": 299,
        "correct": 71,
        "elapsed_s": 190.7
      },
      "64": {
        "acc": 0.23745819397993312,
        "n": 299,
        "correct": 71,
        "elapsed_s": 190.3
      }
    },
    "hellaswag": {
      "4": {
        "acc": 0.312,
        "n": 500,
        "correct": 156,
        "elapsed_s": 233.9
      },
      "8": {
        "acc": 0.306,
        "n": 500,
        "correct": 153,
        "elapsed_s": 349.5
      },
      "16": {
        "acc": 0.306,
        "n": 500,
        "correct": 153,
        "elapsed_s": 349.3
      },
      "32": {
        "acc": 0.306,
        "n": 500,
        "correct": 153,
        "elapsed_s": 348.8
      },
      "64": {
        "acc": 0.306,
        "n": 500,
        "correct": 153,
        "elapsed_s": 349.4
      }
    }
  }
}