{
  "ckpt_path": "/home/alex/OpenMythos/checkpoints_3b_varT_act_v3/step_0003051_full.pt",
  "step": 3051,
  "vocab_size": 199998,
  "trained_max_loop_iters": 12,
  "depths": [
    4,
    8,
    16,
    32,
    64
  ],
  "limit_per_task": 300,
  "results": {
    "arc-easy": {
      "4": {
        "acc": 0.35333333333333333,
        "n": 300,
        "correct": 106,
        "elapsed_s": 20.8
      },
      "8": {
        "acc": 0.35333333333333333,
        "n": 300,
        "correct": 106,
        "elapsed_s": 20.6
      },
      "16": {
        "acc": 0.35333333333333333,
        "n": 300,
        "correct": 106,
        "elapsed_s": 20.5
      },
      "32": {
        "acc": 0.35333333333333333,
        "n": 300,
        "correct": 106,
        "elapsed_s": 20.7
      },
      "64": {
        "acc": 0.35333333333333333,
        "n": 300,
        "correct": 106,
        "elapsed_s": 20.5
      }
    },
    "arc-challenge": {
      "4": {
        "acc": 0.21070234113712374,
        "n": 299,
        "correct": 63,
        "elapsed_s": 21.5
      },
      "8": {
        "acc": 0.21070234113712374,
        "n": 299,
        "correct": 63,
        "elapsed_s": 21.3
      },
      "16": {
        "acc": 0.21070234113712374,
        "n": 299,
        "correct": 63,
        "elapsed_s": 21.4
      },
      "32": {
        "acc": 0.21070234113712374,
        "n": 299,
        "correct": 63,
        "elapsed_s": 21.4
      },
      "64": {
        "acc": 0.21070234113712374,
        "n": 299,
        "correct": 63,
        "elapsed_s": 21.4
      }
    },
    "hellaswag": {
      "4": {
        "acc": 0.29333333333333333,
        "n": 300,
        "correct": 88,
        "elapsed_s": 23.2
      },
      "8": {
        "acc": 0.29333333333333333,
        "n": 300,
        "correct": 88,
        "elapsed_s": 22.9
      },
      "16": {
        "acc": 0.29333333333333333,
        "n": 300,
        "correct": 88,
        "elapsed_s": 23.3
      },
      "32": {
        "acc": 0.29333333333333333,
        "n": 300,
        "correct": 88,
        "elapsed_s": 23.0
      },
      "64": {
        "acc": 0.29333333333333333,
        "n": 300,
        "correct": 88,
        "elapsed_s": 23.4
      }
    }
  }
}