{
  "ckpt_path": "/home/alexm/OpenMythos/checkpoints/ckpt_r23_full.pt",
  "step": 3051,
  "vocab_size": 199998,
  "trained_max_loop_iters": 12,
  "depths": [
    4,
    8,
    16,
    32,
    64
  ],
  "limit_per_task": 500,
  "results": {
    "arc-easy": {
      "4": {
        "acc": 0.352,
        "n": 500,
        "correct": 176,
        "elapsed_s": 210.4
      },
      "8": {
        "acc": 0.352,
        "n": 500,
        "correct": 176,
        "elapsed_s": 310.8
      },
      "16": {
        "acc": 0.352,
        "n": 500,
        "correct": 176,
        "elapsed_s": 311.2
      },
      "32": {
        "acc": 0.352,
        "n": 500,
        "correct": 176,
        "elapsed_s": 311.2
      },
      "64": {
        "acc": 0.352,
        "n": 500,
        "correct": 176,
        "elapsed_s": 311.1
      }
    },
    "arc-challenge": {
      "4": {
        "acc": 0.22408026755852842,
        "n": 299,
        "correct": 67,
        "elapsed_s": 133.6
      },
      "8": {
        "acc": 0.23076923076923078,
        "n": 299,
        "correct": 69,
        "elapsed_s": 196.1
      },
      "16": {
        "acc": 0.23076923076923078,
        "n": 299,
        "correct": 69,
        "elapsed_s": 195.5
      },
      "32": {
        "acc": 0.23076923076923078,
        "n": 299,
        "correct": 69,
        "elapsed_s": 195.8
      },
      "64": {
        "acc": 0.23076923076923078,
        "n": 299,
        "correct": 69,
        "elapsed_s": 195.7
      }
    },
    "hellaswag": {
      "4": {
        "acc": 0.32,
        "n": 500,
        "correct": 160,
        "elapsed_s": 240.0
      },
      "8": {
        "acc": 0.314,
        "n": 500,
        "correct": 157,
        "elapsed_s": 354.1
      },
      "16": {
        "acc": 0.314,
        "n": 500,
        "correct": 157,
        "elapsed_s": 354.4
      },
      "32": {
        "acc": 0.314,
        "n": 500,
        "correct": 157,
        "elapsed_s": 354.1
      },
      "64": {
        "acc": 0.314,
        "n": 500,
        "correct": 157,
        "elapsed_s": 354.6
      }
    }
  }
}